"id","nombre","email","fecharegistro"
"1","RITA","FJDKFJ@gma","16/10/20"
"2","RUBIELA","FJDKFAJK","02/02/2018"
"3","hola","hola@gmail.com","16/10/20"
"19","Sibley","sybley@gmail.com","17/10/20"
"20","fdafdf","dfdfd@gmail.com","17/10/20"
"21","fdafdf","dfdfd@gmail.com","17/10/20"
"22","fdafdf","dfdfd@gmail.com","17/10/20"
"23","dfdfdfa","fdfafdf@fdfasfd","10/11/20"
"24","JAIRO","ritarubielari@misena.edu.co","20/05/21"
"25","PABLO","pabloemilio@gmail.com","21/05/21"
"26","RONALD","ronald@gmail.com","21/05/21"
"27","PAULA","paula@gmail.com","21/05/21"
"28","RITA","FDFD@FFFJ.COM","28/05/21"
"29","RITA","FDFD@FFFJ.COM","28/05/21"
"30","DANIEL GONZALEZ","daniel@gmail.com","23/08/21"
"31","KEVIN","kevin@gmail.com","02/09/21"
"32","JULIAN TOSCANO","julian@gmail.com","21/09/21"
"33","FABIO","fabio@gmail.com","10/11/21"
"34","JHON","jhon@gmail.com","13/02/22"
"35","JHON","jhon@gmail.com","13/02/22"
"36","ANDERSON","anderson@gmail.com","13/02/22"
